Date,Open,High,Low,Close,Volume,Price_Change_Pct,Close_Relative_Pos,Volume_Ratio,Volume_Ratio_5D,True_Pct_Change,MA5,Bias_MA5,MA20,Bias_MA20,Label
2025-01-02,15.85,16.1,15.65,15.7,10217.0,0.02875399361022371,0.11111111111110848,0.9776097981054445,0.9468952734012975,-0.012578616352201324,16.13,-0.026658400495970225,15.997499999999999,-0.018596655727457383,1
2025-01-03,15.8,16.2,15.6,15.6,9826.0,0.03846153846153844,0.0,0.961730449251248,0.9116380909968085,-0.0063694267515923345,15.95,-0.021943573667711578,15.9425,-0.021483456170613213,1
2025-01-06,15.8,16.1,15.65,15.85,12950.0,0.02875399361022371,0.4444444444444418,1.3179320170974964,1.2105971656134316,0.016025641025641028,15.809999999999999,0.0025300442757748847,15.895,-0.002831078955646425,1
2025-01-07,16.0,16.2,15.15,15.2,20397.0,0.06930693069306923,0.04761904761904665,1.5750579150579151,1.5974843752447485,-0.0410094637223975,15.65,-0.02875399361022371,15.8225,-0.03934270816874707,0
2025-01-08,15.2,15.3,15.05,15.15,8383.0,0.01661129568106312,0.3999999999999986,0.41099181252144923,0.678532692276561,-0.0032894736842104563,15.499999999999996,-0.022580645161290075,15.745000000000001,-0.03778977453159737,0
2025-01-09,15.1,15.15,14.25,14.3,28647.0,0.06315789473684214,0.05555555555555632,3.4172730526064656,1.7859057641235365,-0.056105610561056084,15.219999999999999,-0.06044678055190527,15.672500000000003,-0.08757377572180584,0
2025-01-10,14.3,14.6,14.2,14.2,10461.0,0.028169014084507067,0.0,0.3651691276573463,0.6470348103614637,-0.006993006993007092,14.939999999999998,-0.04953145917001329,15.605,-0.09003524511374567,0
2025-01-13,14.1,14.15,13.5,13.65,25687.0,0.048148148148148176,0.2307692307692312,2.4555013861007553,1.3725353994122362,-0.03873239436619711,14.499999999999996,-0.058620689655172156,15.535,-0.1213389121338912,1
2025-01-14,13.85,14.2,13.8,14.1,13618.0,0.028985507246376708,0.75,0.5301514384708218,0.7844831559058021,0.03296703296703291,14.279999999999998,-0.01260504201680658,15.4875,-0.089588377723971,0
2025-01-15,14.1,14.4,13.9,14.3,8970.0,0.03597122302158273,0.8000000000000007,0.6586870318695843,0.513257727475596,0.014184397163120643,14.109999999999996,0.013465627214741665,15.447500000000002,-0.07428386470302643,1
2025-01-16,14.5,14.6,14.35,14.45,9817.0,0.017421602787456445,0.3999999999999986,1.0944258639910813,0.7160153457908479,0.01048951048951039,14.139999999999997,0.021923620933522087,15.3875,-0.060926076360682375,0
2025-01-17,14.45,15.3,14.3,15.0,25326.0,0.06993006993006992,0.6999999999999993,2.5798105327493124,1.518017694022873,0.03806228373702427,14.299999999999997,0.04895104895104916,15.35,-0.02280130293159607,1
2025-01-20,16.5,16.5,16.5,16.5,16927.0,0.0,1.0,0.6683645265734818,1.1336360470411744,0.1,14.87,0.109616677874916,15.41,0.07073329007138221,1
2025-01-21,18.15,18.15,18.15,18.15,21703.0,0.0,1.0,1.2821527736751934,1.3114704567153719,0.09999999999999991,15.679999999999998,0.1575255102040817,15.522499999999999,0.16927041391528425,1
2025-01-22,19.95,19.95,19.5,19.95,82858.0,0.02307692307692304,1.0,3.81781320554762,2.6450064163543616,0.09917355371900831,16.81,0.18679357525282575,15.6825,0.2721186035389766,0
2025-02-03,19.5,20.7,19.2,20.7,189708.0,0.078125,1.0,2.289555625286635,2.8186567297234655,0.03759398496240601,18.06,0.14617940199335552,15.8875,0.3029110936270653,0
2025-02-04,20.25,20.25,18.65,18.65,114427.0,0.08579088471849874,0.0,0.6031743521622704,1.3442295176717423,-0.09903381642512081,18.79,-0.00745077168706762,15.995,0.16598937167864955,1
2025-02-05,18.8,19.0,18.3,18.55,53520.0,0.03825136612021854,0.3571428571428575,0.4677217789507721,0.578950101251363,-0.005361930294906053,19.2,-0.033854166666666595,16.095000000000002,0.15253184218701446,1
2025-02-06,18.65,18.85,17.7,18.3,68344.0,0.0649717514124295,0.5217391304347829,1.2769805680119581,0.6715442648917083,-0.013477088948787061,19.229999999999997,-0.0483619344773789,16.21,0.12893275755706352,0
2025-02-07,18.1,18.15,17.5,17.6,45946.0,0.03714285714285706,0.15384615384615638,0.6722755472316516,0.4867728231043872,-0.03825136612021854,18.759999999999998,-0.061833688699360165,16.294999999999998,0.08008591592513062,0
2025-02-10,17.3,17.4,16.75,16.85,47390.0,0.038805970149253646,0.15384615384615638,1.0314281983197666,0.7188428132404203,-0.04261363636363636,17.990000000000002,-0.06336853807670931,16.3525,0.030423482647913305,1
2025-02-11,17.25,18.25,17.1,17.55,67730.0,0.067251461988304,0.3913043478260868,1.4292044735176197,1.1969391722334146,0.04154302670623141,17.77,-0.012380416432189019,16.45,0.0668693009118542,0
2025-02-12,17.55,17.65,17.2,17.2,31542.0,0.02616279069767438,0.0,0.4657020522663517,0.6043640209693737,-0.019943019943020023,17.5,-0.017142857142857182,16.517500000000002,0.04131981232026623,1
2025-02-13,17.45,18.7,17.3,18.15,73706.0,0.0809248554913294,0.6071428571428562,2.3367573394204553,1.383817598774379,0.05523255813953484,17.47,0.03892386949055522,16.665,0.08910891089108908,0
2025-02-14,17.75,18.55,17.6,18.35,56760.0,0.05397727272727268,0.7894736842105269,0.7700865601172224,1.0240755174504201,0.011019283746556632,17.619999999999997,0.0414301929625428,16.825,0.09063893016344739,0
2025-02-17,18.35,18.85,18.0,18.45,48650.0,0.047222222222222304,0.5294117647058806,0.8571176885130374,0.873780479043637,0.0054495912806538345,17.939999999999998,0.028428093645485042,17.0325,0.08322324966974903,0
2025-02-18,18.45,18.7,18.25,18.45,26054.0,0.024657534246575304,0.4444444444444436,0.5355395683453238,0.5503312041637095,0.0,18.119999999999997,0.018211920529801428,17.244999999999997,0.069875326181502,0
2025-02-19,18.4,19.1,18.4,18.9,45757.0,0.03804347826086972,0.7142857142857114,1.7562370461349506,0.9117591968979025,0.024390243902438987,18.46,0.023835319609967372,17.5075,0.07953734113951154,1
2025-02-20,19.0,19.15,18.4,18.45,35051.0,0.04076086956521739,0.06666666666666761,0.7660248705116157,0.825615248360594,-0.023809523809523774,18.52,-0.00377969762419008,17.725,0.040902679830747406,0
2025-02-21,18.35,18.8,18.35,18.65,22206.0,0.02452316076294274,0.6666666666666614,0.6335339933240136,0.6247538234731429,0.010840108401083973,18.58,0.0037674919268030297,17.9425,0.03943151734708093,0
2025-02-24,18.55,18.85,18.4,18.7,17233.0,0.024456521739130592,0.6666666666666641,0.7760515176078537,0.5889570132808388,0.0026809651474531213,18.63,0.0037573805689747873,18.154999999999998,0.030019278435692746,0
2025-02-25,18.5,19.05,18.4,19.0,33850.0,0.035326086956521854,0.9230769230769222,1.964254627749086,1.0983341661421053,0.01604278074866314,18.74,0.01387406616862335,18.354999999999997,0.035140288749659666,0
2025-02-26,18.85,18.95,18.5,18.5,27435.0,0.024324324324324288,0.0,0.8104874446085673,1.010311176578899,-0.02631578947368421,18.66,-0.008574490889603437,18.455,0.0024383635871038584,0
2025-02-27,18.5,18.75,18.2,18.35,19973.0,0.03021978021978026,0.27272727272727626,0.7280116639329324,0.8274025037904835,-0.00810810810810803,18.639999999999997,-0.015557939914162856,18.465,-0.006227998916869669,0
2025-03-03,18.1,18.1,17.6,17.6,23203.0,0.028409090909090908,0.0,1.1617183197316376,0.9533337715910398,-0.04087193460490463,18.43,-0.04503526858383062,18.347500000000004,-0.04074124540128094,0
2025-03-04,17.2,18.0,17.15,18.0,15618.0,0.049562682215743524,1.0,0.6731026160410292,0.6503218714346389,0.022727272727272645,18.29,-0.01585565882996168,18.2125,-0.011667810569663616,0
2025-03-05,17.95,18.6,17.85,18.6,18984.0,0.04201680672268907,1.0,1.215520553207837,0.9021698839497021,0.03333333333333341,18.21,0.02141680395387153,18.21,0.02141680395387153,1
2025-03-06,18.75,18.8,18.05,18.05,17015.0,0.04155124653739612,0.0,0.8962810788032027,0.897481881573534,-0.029569892473118316,18.119999999999997,-0.003863134657836465,18.185,-0.00742370085235073,0
2025-03-07,18.0,18.35,17.9,17.95,13405.0,0.025139664804469435,0.111111111111112,0.7878342638848075,0.7597052989515444,-0.0055401662049862285,18.04,-0.004988913525498883,18.167499999999997,-0.011971927893215776,1
2025-03-10,18.05,18.95,18.05,18.6,30942.0,0.049861495844875266,0.6111111111111128,2.308243192838493,1.6121670626484932,0.03621169916434552,18.240000000000002,0.019736842105263126,18.2175,0.020996294771510923,0
2025-03-11,18.2,18.2,17.65,18.05,29336.0,0.03116147308781874,0.7272727272727302,0.9480964384978346,1.337320617785963,-0.029569892473118316,18.25,-0.010958904109589003,18.2775,-0.012446997674736652,0
2025-03-12,18.05,18.6,17.8,18.3,29930.0,0.04494382022471914,0.6249999999999994,1.0202481592582493,1.2405909075836457,0.013850415512465374,18.189999999999998,0.006047278724574106,18.314999999999998,-0.0008190008190006562,1
2025-03-13,18.4,18.5,17.7,17.7,22693.0,0.04519774011299439,0.0,0.7582024724356833,0.8983342042341614,-0.03278688524590172,18.119999999999997,-0.023178807947019767,18.34,-0.03489640130861508,0
2025-03-14,17.75,18.2,17.55,18.0,18639.0,0.03703703703703695,0.6923076923076927,0.8213546027409333,0.70849171354721,0.016949152542372923,18.13,-0.007170435741864259,18.332500000000003,-0.018137188054002624,1
2025-03-17,18.2,18.35,17.85,17.95,14384.0,0.028011204481792715,0.19999999999999574,0.7717152207736466,0.6254892070063139,-0.0027777777777778173,18.0,-0.0027777777777778173,18.3125,-0.019795221843003453,1
2025-03-18,18.05,18.25,17.8,17.95,12013.0,0.025280898876404452,0.3333333333333307,0.8351640711902113,0.6150482802404285,0.0,17.979999999999997,-0.001668520578420333,18.2875,-0.018455228981544888,0
2025-03-19,18.0,18.25,17.8,17.8,13071.0,0.025280898876404452,0.0,1.0880712561391825,0.8088490099009901,-0.008356545961002706,17.88,-0.004474272930648674,18.255000000000003,-0.02492467817036438,1
2025-03-20,17.95,18.35,17.95,18.15,13956.0,0.022284122562674213,0.49999999999999556,1.067707137938949,0.9683193872028641,0.019662921348314485,17.969999999999995,0.010016694490818214,18.217499999999998,-0.0037052284890901066,0
2025-03-21,18.2,18.2,17.75,17.85,18003.0,0.025352112676056297,0.22222222222222573,1.2899828030954428,1.260237725229955,-0.016528925619834555,17.94,-0.005016722408026747,18.1875,-0.018556701030927755,0
2025-03-24,17.9,18.0,17.6,17.6,9752.0,0.022727272727272645,0.0,0.5416874965283563,0.7299947600868328,-0.014005602240896357,17.869999999999997,-0.01510912143256833,18.134999999999998,-0.029500964984835766,1
2025-03-25,17.75,17.95,17.2,17.2,14526.0,0.0436046511627907,0.0,1.489540607054963,1.0479309747792462,-0.022727272727272846,17.72,-0.02934537246049659,18.060000000000002,-0.047619047619047776,1
2025-03-26,17.3,17.55,17.2,17.2,6923.0,0.02034883720930241,0.0,0.47659369406581303,0.5480525649145028,0.0,17.6,-0.022727272727272846,17.970000000000002,-0.04284919309961063,0
2025-03-27,17.05,17.4,16.8,17.1,12644.0,0.03571428571428559,0.500000000000003,1.8263758486205401,1.0221834174104256,-0.005813953488371969,17.389999999999997,-0.01667625071880366,17.9,-0.04469273743016744,0
2025-03-28,17.0,17.1,16.35,16.35,16556.0,0.04587155963302752,0.0,1.3093957608351787,1.3705071108094236,-0.043859649122807015,17.09,-0.0433001755412521,17.8,-0.08146067415730333,0
2025-03-31,15.8,15.85,15.15,15.2,26222.0,0.04620462046204616,0.07142857142856998,1.5838366755254893,1.705584680828921,-0.07033639143730899,16.609999999999996,-0.08488862131246219,17.68,-0.1402714932126697,1
2025-04-01,15.5,15.9,15.4,15.7,15928.0,0.032467532467532464,0.5999999999999979,0.6074288765159027,1.0174645152223627,0.03289473684210526,16.31,-0.03740036787247084,17.564999999999998,-0.1061770566467406,0
2025-04-02,15.7,16.0,15.4,15.85,13630.0,0.03896103896103894,0.7499999999999992,0.8557257659467604,0.8019534008001883,0.009554140127388559,16.04,-0.011845386533665805,17.427500000000002,-0.09051785970449015,0
2025-04-07,14.3,14.3,14.3,14.3,5635.0,0.0,0.0,0.41342626559060897,0.36135229764912596,-0.09779179810725545,15.479999999999999,-0.07622739018087843,17.240000000000002,-0.17053364269141535,0
2025-04-08,13.1,13.7,12.9,13.25,41032.0,0.06201550387596891,0.43750000000000017,7.281632653061225,2.002596464513358,-0.07342657342657347,14.86,-0.10834454912516821,17.005000000000003,-0.2208174066451045,0
2025-04-09,13.1,13.15,11.95,11.95,40496.0,0.1004184100418411,0.0,0.9869370247611621,1.734734966287129,-0.09811320754716986,14.209999999999999,-0.1590429275158339,16.6725,-0.28325086219823065,1
2025-04-10,13.1,13.1,13.1,13.1,5008.0,0.0,1.0,0.12366653496641644,0.23667073090046406,0.09623430962343099,13.689999999999998,-0.04309715120525918,16.425,-0.20243531202435316,0
2025-04-11,13.0,13.65,12.3,13.65,22204.0,0.10975609756097557,1.0,4.43370607028754,0.9706666666666667,0.04198473282442754,13.25,0.030188679245283047,16.192500000000003,-0.15701713756368701,1
2025-04-14,14.0,14.7,13.95,14.2,25934.0,0.053763440860215055,0.3333333333333333,1.1679877499549631,0.9628436075263228,0.04029304029304021,13.229999999999999,0.0733182161753591,16.0175,-0.11346964257842979,1
2025-04-15,14.35,14.5,14.15,14.45,11887.0,0.02473498233215545,0.857142857142855,0.458355826328372,0.5632101128599721,0.017605633802816902,13.469999999999999,0.0727542687453601,15.839999999999998,-0.0877525252525252,0
2025-04-16,14.25,14.3,14.0,14.1,17072.0,0.02142857142857148,0.33333333333333137,1.4361907966686296,1.0396443578344803,-0.024221453287197207,13.9,0.014388489208633042,15.647499999999999,-0.09889758747403736,0
2025-04-17,14.0,14.25,13.85,14.1,9850.0,0.028880866425992805,0.6249999999999994,0.5769681349578257,0.5664370248542215,0.0,14.099999999999998,1.2598275456739366e-16,15.455000000000002,-0.08767389194435471,0
2025-04-18,14.15,14.4,14.1,14.1,7533.0,0.021276595744680903,0.0,0.7647715736040609,0.5211273451768221,0.0,14.189999999999998,-0.006342494714587603,15.27,-0.07662082514734773,1
2025-04-21,14.2,14.25,13.8,13.8,6553.0,0.03260869565217386,0.0,0.8699057480419488,0.6194347291804518,-0.021276595744680778,14.109999999999996,-0.021970233876682867,15.0525,-0.08320876930742398,0
2025-04-22,13.7,13.95,13.35,13.7,8171.0,0.04494382022471908,0.583333333333333,1.24690981229971,0.8307407633339434,-0.007246376811594305,13.959999999999999,-0.018624641833810875,14.844999999999999,-0.07713034691815424,1
2025-04-23,14.15,14.55,14.1,14.4,17444.0,0.03191489361702135,0.6666666666666666,2.134867213315384,1.7602066557688036,0.05109489051094899,14.02,0.027104136947218315,14.685000000000002,-0.019407558733401557,1
2025-04-24,14.5,14.55,14.0,14.0,9674.0,0.039285714285714333,0.0,0.5545746388443018,0.9796455696202532,-0.0277777777777778,13.999999999999996,2.5376526277146444e-16,14.525,-0.03614457831325304,1
2025-04-25,14.3,14.35,13.95,14.0,10831.0,0.028673835125448056,0.12500000000000167,1.1195989249534835,1.0281358570804777,0.0,13.979999999999999,0.0014306151645208406,14.365,-0.025408980160111398,0
2025-04-28,14.05,14.2,13.9,14.15,7604.0,0.02158273381294956,0.8333333333333363,0.702058904994922,0.7076911622366169,0.01071428571428574,14.05,0.007117437722419903,14.217500000000001,-0.004747670124846195,1
2025-04-29,14.4,14.5,14.1,14.4,13520.0,0.028368794326241162,0.7500000000000011,1.7780115728563914,1.1443468251146887,0.0176678445229682,14.189999999999998,0.014799154334038243,14.12,0.01983002832861198,0
2025-04-30,14.4,14.45,14.15,14.15,9984.0,0.021201413427561763,0.0,0.7384615384615385,0.9671981865034003,-0.017361111111111112,14.139999999999997,0.0007072135785009436,14.0675,0.005864581482139653,1
2025-05-02,14.35,14.4,14.2,14.25,8367.0,0.014084507042253596,0.2500000000000022,0.8380408653846154,0.8316105434739395,0.007067137809187254,14.189999999999998,0.004228329809725319,13.995000000000001,0.018220793140407216,1
2025-05-05,14.4,14.65,13.8,14.1,13943.0,0.06159420289855069,0.35294117647058715,1.6664276323652445,1.3050844284698042,-0.01052631578947371,14.209999999999999,-0.0077410274454609036,13.907499999999999,0.013841452453712082,1
2025-05-06,14.2,14.2,14.0,14.1,5172.0,0.014285714285714235,0.5,0.3709388223481317,0.5071980543678657,0.0,14.2,-0.007042253521126736,13.897499999999999,0.014570966001079372,1
2025-05-07,14.25,14.35,14.05,14.1,5719.0,0.02135231316725971,0.16666666666666372,1.1057617942768754,0.6621512099108486,0.0,14.139999999999997,-0.0028288543140026433,13.940000000000001,0.011477761836441775,1
2025-05-08,14.2,14.45,14.15,14.15,7695.0,0.021201413427561763,0.0,1.345514950166113,0.9408010563380282,0.0035460992907801925,14.139999999999997,0.0007072135785009436,14.05,0.007117437722419903,1
2025-05-09,14.25,14.5,14.15,14.5,12169.0,0.02473498233215545,1.0,1.5814165042235218,1.3612465882142377,0.02473498233215545,14.189999999999998,0.02184637068358015,14.12,0.026912181303116203,1
2025-05-12,14.7,15.3,14.6,15.25,18225.0,0.04794520547945213,0.9285714285714277,1.4976579834004438,1.8604532462229482,0.05172413793103448,14.419999999999998,0.057558945908460606,14.2,0.07394366197183104,1
2025-05-13,15.95,16.3,15.75,16.0,32753.0,0.03492063492063496,0.454545454545454,1.7971467764060356,2.1390133357714762,0.04918032786885246,14.8,0.08108108108108103,14.290000000000001,0.119664100769769,0
2025-05-14,16.05,16.2,15.7,16.0,18199.0,0.03184713375796178,0.6000000000000014,0.5556437578237108,1.0219449467099426,0.0,15.179999999999998,0.05401844532279329,14.367500000000001,0.11362449973899415,0
2025-05-15,16.05,16.1,15.55,15.65,13764.0,0.03536977491961419,0.18181818181818094,0.756305291499533,0.7235832194301335,-0.021874999999999978,15.479999999999999,0.010981912144702953,14.444999999999999,0.08341986846659757,0
2025-05-16,15.6,15.6,15.3,15.3,13626.0,0.019607843137254832,0.0,0.9899738448125545,0.705520519432104,-0.022364217252396144,15.639999999999997,-0.021739130434782376,14.504999999999999,0.054808686659772614,0
2025-05-19,15.25,15.65,15.1,15.3,10191.0,0.036423841059602696,0.3636363636363651,0.7479084103918978,0.5755481007082105,0.0,15.65,-0.022364217252396144,14.565000000000001,0.05046343975283209,1
2025-05-20,15.5,15.75,15.4,15.55,13553.0,0.022727272727272704,0.42857142857143005,1.3298989304288098,0.977384506656282,0.016339869281045753,15.559999999999999,-0.000642673521850772,14.6525,0.061252346016038274,0
2025-05-21,15.55,15.75,15.4,15.7,7982.0,0.022727272727272704,0.857142857142855,0.5889470965837822,0.6751133364909668,0.009646302250803767,15.5,0.012903225806451568,14.752500000000001,0.06422640230469398,0
2025-05-22,15.5,15.6,15.3,15.6,8555.0,0.019607843137254832,1.0,1.0717865196692558,0.7934962064295917,-0.0063694267515923345,15.489999999999998,0.007101355713363539,14.8125,0.053164556962025294,0
2025-05-23,15.6,15.65,15.45,15.45,7930.0,0.012944983818770297,0.0,0.9269433080070134,0.8224264172076912,-0.009615384615384638,15.52,-0.004510309278350534,14.885,0.03795767551226063,1
2025-05-26,15.55,15.6,15.35,15.45,7642.0,0.016286644951140065,0.3999999999999986,0.9636822194199244,0.8368008409618501,0.0,15.55,-0.006430868167202663,14.9575,0.032926625438743085,1
2025-05-27,15.55,15.8,15.4,15.55,13697.0,0.025974025974025997,0.37500000000000056,1.7923318503009684,1.495109810941798,0.0064724919093852055,15.549999999999997,2.284703330418329e-16,15.0275,0.03476958908667449,1
2025-05-28,15.7,16.1,15.35,15.4,17746.0,0.048859934853420314,0.06666666666666746,1.295612177849164,1.5967248515385999,-0.00964630225080388,15.489999999999998,-0.005810200129115435,15.0775,0.021389487647156345,1
2025-05-29,15.65,15.8,15.4,15.5,12463.0,0.025974025974025997,0.2499999999999989,0.7022991096585146,1.0476983086183127,0.0064935064935064705,15.469999999999999,0.001939237233354954,15.145,0.02344007923407068,0
2025-06-02,15.5,15.5,14.75,14.75,14476.0,0.05084745762711865,0.0,1.1615180935569285,1.09626802374894,-0.04838709677419355,15.329999999999998,-0.03783431180691444,15.169999999999998,-0.02768622280817391,1
2025-06-03,15.0,15.15,14.6,14.6,8678.0,0.037671232876712375,0.0,0.5994749930920144,0.6470325082016105,-0.010169491525423752,15.16,-0.0369393139841689,15.195000000000002,-0.03915761763738087,1
2025-06-04,14.75,15.2,14.75,14.9,10644.0,0.03050847457627114,0.33333333333333465,1.2265498962894676,0.8314715577983658,0.020547945205479503,15.029999999999998,-0.008649367930804874,15.235,-0.021988841483426263,0
2025-06-05,14.9,15.35,14.8,15.05,10016.0,0.03716216216216209,0.4545454545454554,0.940999624201428,0.8898839668070437,0.010067114093959755,14.959999999999999,0.006016042780748773,15.282499999999999,-0.015213479469981885,0
2025-06-06,15.0,15.75,14.9,15.55,16568.0,0.057046979865771785,0.7647058823529419,1.654153354632588,1.3719320327249842,0.03322259136212624,14.969999999999999,0.03874415497662003,15.352500000000001,0.012864354339684076,1
2025-06-09,15.65,15.75,15.3,15.65,12212.0,0.029411764705882304,0.7777777777777782,0.7370835345243844,1.0506211500739873,0.006430868167202549,15.15,0.033003300330033,15.41,0.0155743024010383,0
2025-06-10,15.7,16.05,15.65,15.8,13058.0,0.025559105431309927,0.37500000000000056,1.0692761218473632,1.0446734295497455,0.009584664536741236,15.39,0.02664067576348279,15.4375,0.023481781376518265,0
2025-06-11,15.85,15.9,15.6,15.65,11227.0,0.019230769230769277,0.16666666666666863,0.8597794455506204,0.8898876048255417,-0.009493670886075972,15.539999999999997,0.007078507078507271,15.419999999999998,0.014915693904020897,0
2025-06-12,15.65,15.85,15.55,15.8,11304.0,0.01929260450160765,0.8333333333333363,1.0068584661975595,0.878062421351893,0.009584664536741236,15.690000000000001,0.0070108349267048705,15.41,0.02530824140168725,0
2025-06-13,15.6,15.65,15.0,15.0,18417.0,0.043333333333333356,0.0,1.6292462845010616,1.3906339665951855,-0.050632911392405104,15.579999999999998,-0.03722721437740683,15.377500000000001,-0.024548853844903348,0
2025-06-16,15.0,15.15,14.8,14.9,7909.0,0.023648648648648622,0.285714285714285,0.4294401911277624,0.6386982152951627,-0.006666666666666643,15.429999999999998,-0.03434867141931287,15.357500000000002,-0.029790004883607443,1
2025-06-17,15.1,15.4,14.95,15.0,9381.0,0.03010033444816061,0.11111111111111242,1.186117081805538,0.8054019712215392,0.00671140939597313,15.27,-0.017681728880157142,15.342500000000001,-0.022323610884797205,0
2025-06-18,15.0,16.0,14.95,15.95,21686.0,0.07023411371237463,0.9523809523809518,2.3116938492698007,1.578380424181551,0.06333333333333328,15.329999999999998,0.0404435746901501,15.3625,0.038242473555736275,1
2025-06-19,16.15,16.15,15.3,15.4,34576.0,0.055555555555555414,0.11764705882352929,1.5943926957484091,1.8797638334656244,-0.03448275862068959,15.25,0.009836065573770515,15.3475,0.003420752565564438,0
2025-06-20,15.35,15.55,14.75,15.0,21177.0,0.05423728813559327,0.3124999999999997,0.612476862563628,1.1177675263119002,-0.025974025974025997,15.25,-0.01639344262295082,15.317499999999999,-0.02072792557532228,0
2025-06-23,14.65,14.95,14.5,14.9,11752.0,0.03103448275862064,0.8888888888888911,0.5549416820135052,0.5961124863044271,-0.006666666666666643,15.249999999999996,-0.022950819672130897,15.290000000000001,-0.025506867233485973,1
2025-06-24,15.15,15.5,15.1,15.4,15423.0,0.026490066225165587,0.7500000000000011,1.3123723621511232,0.7371384327145507,0.03355704697986577,15.329999999999998,0.0045662100456622355,15.2875,0.0073589533932952225,1
2025-06-25,15.6,15.6,15.3,15.4,11412.0,0.019607843137254832,0.3333333333333333,0.739933865006808,0.6048335806656774,0.0,15.219999999999999,0.011826544021025067,15.280000000000001,0.007853403141361204,1
2025-06-26,15.5,15.9,15.4,15.4,15058.0,0.032467532467532464,0.0,1.3194882579740623,1.006254844831734,0.0,15.219999999999999,0.011826544021025067,15.280000000000001,0.007853403141361204,1
2025-06-27,15.55,15.75,15.35,15.45,8946.0,0.02605863192182413,0.2499999999999989,0.5941028024970115,0.7146394849099711,0.0032467532467531776,15.309999999999999,0.009144350097975217,15.2775,0.011291114383897852,0
2025-06-30,15.45,15.55,15.3,15.4,7835.0,0.016339869281045753,0.3999999999999986,0.8758104180639392,0.6676722227903331,-0.003236245954692488,15.409999999999997,-0.0006489292667096844,15.310000000000002,0.005878510777269632,0
2025-07-01,15.4,15.6,15.35,15.5,8515.0,0.016286644951140065,0.6000000000000014,1.0867900446713465,0.82245102963335,0.0064935064935064705,15.429999999999998,0.004536616979909402,15.355,0.009443178117876885,1
2025-07-02,15.6,16.05,15.3,16.05,27105.0,0.049019607843137254,1.0,3.183206106870229,2.0089980580797224,0.035483870967741984,15.559999999999999,0.03149100257069422,15.4125,0.04136253041362537,1
2025-07-03,17.2,17.65,16.3,17.65,98948.0,0.08282208588957042,1.0,3.650544180040583,3.268868641352107,0.09968847352024908,16.009999999999998,0.10243597751405377,15.5425,0.1355959465980375,1
2025-07-04,17.8,18.6,17.4,17.65,205691.0,0.06896551724137948,0.20833333333333284,2.078778752476048,2.954532396421656,0.0,16.449999999999996,0.0729483282674774,15.647499999999999,0.12797571497044255,0
2025-07-07,17.5,17.5,16.8,17.3,49612.0,0.04166666666666662,0.714285714285715,0.24119674657617493,0.6362617378568809,-0.01983002832861178,16.830000000000002,0.027926322043969033,15.73,0.09980928162746346,0
2025-07-08,17.2,17.2,16.25,16.25,46450.0,0.05846153846153842,0.0,0.9362654196565348,0.5428862615297588,-0.06069364161849715,16.98,-0.0429917550058893,15.752500000000001,0.03158228852563077,0
2025-07-09,16.25,16.35,15.85,15.95,30236.0,0.03154574132492125,0.19999999999999857,0.6509364908503767,0.3508169407593221,-0.018461538461538505,16.959999999999997,-0.05955188679245272,15.767500000000002,0.011574441097193432,0
2025-07-10,16.0,16.15,15.6,15.6,19506.0,0.03525641025641019,0.0,0.6451250165365789,0.2774719412793923,-0.021943573667711578,16.55,-0.057401812688821816,15.757500000000002,-0.00999524036173266,1
2025-07-11,15.7,16.2,15.65,16.15,22658.0,0.03514376996805105,0.9090909090909076,1.1615913052394136,0.6724958744405266,0.03525641025641019,16.249999999999996,-0.006153846153846024,15.815000000000001,0.021182421751501566,1
2025-07-14,16.25,16.35,15.9,16.2,13604.0,0.028301886792452897,0.6666666666666627,0.6004060376026128,0.5135367750313317,0.003095975232198187,16.029999999999998,0.010605115408608966,15.879999999999999,0.020151133501259466,0
2025-07-15,16.1,16.4,16.1,16.3,9525.0,0.01863354037267063,0.6666666666666706,0.700161717142017,0.49853971045441703,0.006172839506172928,16.04,0.01620947630922703,15.944999999999999,0.02226403261210425,0
2025-07-16,16.2,16.4,16.2,16.25,11051.0,0.012345679012345635,0.25000000000000444,1.160209973753281,0.7237634915644976,-0.0030674846625767306,16.099999999999998,0.009316770186335538,15.959999999999999,0.018170426065162965,0
2025-07-17,16.25,16.75,16.15,16.65,18543.0,0.0371517027863778,0.8333333333333314,1.6779476970409917,1.2299518446292832,0.02461538461538453,16.309999999999995,0.02084610668301677,16.0225,0.039163676080511634,1
2025-07-18,16.8,16.95,16.5,16.65,16602.0,0.02727272727272723,0.3333333333333307,0.8953243811680958,1.1974035340786153,0.0,16.409999999999997,0.014625228519195737,16.105,0.03384042222912127,0
2025-07-21,16.6,17.1,16.35,16.85,20967.0,0.04587155963302752,0.6666666666666666,1.2629201301048067,1.3670326517838514,0.012012012012012184,16.54,0.018742442563482606,16.202499999999997,0.039962968677673474,1
2025-07-22,17.2,17.3,16.1,16.25,55362.0,0.07453416149068318,0.12499999999999889,2.640434969237373,2.2592124056315037,-0.03560830860534133,16.529999999999994,-0.016938898971566495,16.244999999999997,0.00030778701138827694,0
2025-07-23,15.8,15.8,15.45,15.7,41541.0,0.022653721682847988,0.7142857142857114,0.7503522271594234,1.3574159396137633,-0.03384615384615389,16.419999999999995,-0.04384896467722263,16.26,-0.03444034440344417,0
2025-07-24,15.65,15.7,15.2,15.25,29673.0,0.03289473684210526,0.10000000000000142,0.7143063479454034,0.9038654847847939,-0.02866242038216556,16.139999999999997,-0.05514250309789326,16.2525,-0.061682818027995766,0
2025-07-25,15.25,15.6,15.2,15.3,15267.0,0.026315789473684237,0.25000000000000333,0.5145081387119603,0.4688594066703519,0.0032786885245902103,15.87,-0.03591682419659726,16.244999999999997,-0.058171745152354376,0
2025-07-28,15.25,15.35,15.05,15.15,16325.0,0.019933554817275677,0.3333333333333333,1.069299796947665,0.5160651964999241,-0.009803921568627473,15.529999999999998,-0.024468770122343678,16.2325,-0.066687201601725,0
2025-07-29,15.15,15.3,14.9,14.9,18816.0,0.02684563758389264,0.0,1.1525880551301684,0.7735442600845241,-0.0165016501650165,15.26,-0.023591087811271262,16.202499999999997,-0.08038882888443122,0
2025-07-30,14.9,15.5,14.8,15.35,22142.0,0.047297297297297244,0.785714285714285,1.176764455782313,1.08302436829285,0.030201342281879148,15.189999999999998,0.010533245556287159,16.1675,-0.050564403896706404,0
2025-07-31,15.3,15.35,15.0,15.0,13933.0,0.02333333333333331,0.0,0.6292566163851504,0.8055340355908098,-0.02280130293159607,15.139999999999997,-0.009247027741083028,16.035,-0.06454630495790459,0
2025-08-01,14.8,15.25,14.65,15.25,12255.0,0.040955631399317384,1.0,0.8795664968061437,0.7340872878005534,0.016666666666666666,15.129999999999999,0.007931262392597555,15.915000000000001,-0.0417844800502671,0
2025-08-04,14.85,15.0,14.7,14.95,24270.0,0.020408163265306173,0.8333333333333314,1.9804161566707466,1.327448149120504,-0.01967213114754103,15.089999999999998,-0.009277667329357111,15.7975,-0.053647729071055555,0
2025-08-05,15.0,15.6,15.0,15.3,16236.0,0.03999999999999997,0.5000000000000014,0.668974042027194,0.9138187221396731,0.02341137123745829,15.169999999999998,0.008569545154911179,15.75,-0.028571428571428525,0
2025-08-06,15.3,15.3,14.95,15.05,12491.0,0.02341137123745829,0.28571428571428864,0.769339738851934,0.7887226116057334,-0.016339869281045753,15.11,-0.003970880211780194,15.705000000000002,-0.041706462909901376,0
2025-08-07,15.1,15.2,14.85,14.85,12221.0,0.023569023569023545,0.0,0.978384436794492,0.7887263950021297,-0.013289036544850568,15.079999999999998,-0.015251989389920336,15.667499999999999,-0.05217807563427471,0
2025-08-08,14.8,15.25,14.8,14.9,15362.0,0.030405405405405355,0.2222222222222218,1.2570166107519842,0.9532141970712336,0.003367003367003415,15.01,-0.007328447701532274,15.605,-0.045177827619352774,0
2025-08-11,14.95,15.05,14.75,15.0,10144.0,0.020338983050847505,0.8333333333333314,0.6603306861085796,0.7632347187528216,0.00671140939597313,15.02,-0.0013315579227696122,15.545000000000002,-0.035059504663879165,0
2025-08-12,15.0,15.4,15.0,15.3,13470.0,0.02666666666666669,0.7500000000000011,1.327878548895899,1.057499057907298,0.02000000000000005,15.02,0.018641810918775044,15.495,-0.012584704743465538,1
2025-08-13,15.4,15.7,15.25,15.3,16693.0,0.029508196721311428,0.11111111111111287,1.2392724573125464,1.2294152305199588,0.0,15.069999999999999,0.01526211015262125,15.4475,-0.009548470626314878,0
2025-08-14,15.3,15.7,15.3,15.6,17532.0,0.02614379084967311,0.75,1.0502605882705325,1.1975246239805466,0.019607843137254832,15.219999999999999,0.02496714848883054,15.395000000000001,0.013316011692107716,1
2025-08-15,15.7,15.7,15.4,15.6,12427.0,0.01948051948051941,0.6666666666666666,0.708818161076888,0.8842825833262175,0.0,15.36,0.015625000000000014,15.342499999999998,0.01678344467981112,0
2025-08-18,15.65,15.9,15.55,15.9,18732.0,0.02250803858520898,1.0,1.5073629999195302,1.1877647297537222,0.019230769230769277,15.539999999999997,0.023166023166023363,15.295000000000002,0.039555410264792326,1
2025-08-19,16.0,16.25,15.7,15.9,13835.0,0.03503184713375801,0.3636363636363651,0.7385756993380311,0.8732122344387079,0.0,15.66,0.015325670498084304,15.2775,0.04074619538537068,0
2025-08-20,15.9,15.9,15.35,15.45,13083.0,0.03583061889250819,0.18181818181818094,0.9456451029996386,0.8651747807800659,-0.028301886792452897,15.689999999999998,-0.01529636711281061,15.264999999999997,0.012119226989846204,0
2025-08-21,15.5,16.0,15.5,15.9,13452.0,0.03225806451612903,0.8000000000000007,1.0282045402430635,0.9403179130143019,0.02912621359223308,15.75,0.009523809523809547,15.2975,0.0393855205098873,0
2025-08-22,15.9,15.95,15.6,15.7,8161.0,0.022435897435897415,0.285714285714285,0.6066755872732679,0.6066485289089097,-0.012578616352201324,15.77,-0.00443880786303109,15.3175,0.02497143789782918,1
2025-08-25,15.95,16.2,15.8,15.8,14000.0,0.02531645569620244,0.0,1.7154760446023771,1.119444755401321,0.006369426751592447,15.749999999999996,0.003174603174603446,15.35,0.029315960912052186,0
2025-08-26,15.75,15.9,15.7,15.8,8023.0,0.012738853503184782,0.5000000000000044,0.5730714285714286,0.707258590595744,0.0,15.729999999999999,0.0044500953591864,15.395000000000001,0.02630724261123737,1
2025-08-27,15.95,16.15,15.8,15.85,12647.0,0.02215189873417708,0.14285714285714068,1.5763430138352237,1.1235186468382992,0.0031645569620252488,15.809999999999999,0.0025300442757748847,15.419999999999998,0.02788586251621281,1
2025-08-28,15.95,16.1,15.85,16.05,11131.0,0.01577287066246068,0.7999999999999986,0.8801296750217443,1.0313739298024536,0.012618296529968522,15.839999999999998,0.013257575757575924,15.4725,0.03732428502181293,1
2025-08-29,16.15,16.5,15.9,15.9,16430.0,0.03773584905660375,0.0,1.4760578564369777,1.3200816313412929,-0.009345794392523386,15.879999999999999,0.0012594458438288005,15.504999999999999,0.02547565301515649,0
2025-09-01,15.9,15.95,15.65,15.75,8608.0,0.019169329073482358,0.3333333333333333,0.523919659160073,0.7572265521912772,-0.009433962264150966,15.87,-0.007561436672967815,15.544999999999998,0.013187520102927107,1
2025-09-02,15.85,16.05,15.35,15.4,10514.0,0.04560260586319225,0.07142857142857234,1.2214219330855018,0.8860610146637452,-0.0222222222222222,15.789999999999997,-0.024699176694110012,15.55,-0.00964630225080388,0
2025-09-03,15.45,15.7,15.3,15.35,9027.0,0.02614379084967311,0.12499999999999778,0.8585695263458246,0.8101777059773829,-0.003246753246753293,15.689999999999998,-0.02166985340981505,15.564999999999998,-0.013813042081593197,1
2025-09-04,15.5,15.9,15.45,15.7,10861.0,0.02912621359223308,0.5555555555555542,1.203168272958901,0.9795274170274171,0.02280130293159607,15.62,0.005121638924455831,15.607500000000002,0.005926637834374344,1
2025-09-05,15.8,16.2,15.75,16.05,18219.0,0.028571428571428525,0.6666666666666693,1.6774698462388362,1.5917629174020165,0.02229299363057334,15.65,0.025559105431309927,15.664999999999997,0.024577082668369193,1
2025-09-08,16.25,16.95,16.25,16.55,50634.0,0.043076923076923034,0.42857142857143005,2.779186563477688,2.5507027353785703,0.03115264797507788,15.809999999999999,0.046805819101834414,15.742499999999998,0.05129426711132303,0
2025-09-09,16.55,16.7,16.25,16.5,15474.0,0.027692307692307648,0.5555555555555565,0.30560492949401585,0.7424075229093701,-0.0030211480362538194,16.029999999999998,0.02932002495321288,15.8025,0.04413858566682485,1
2025-09-10,16.65,16.9,16.3,16.7,24399.0,0.036809815950920116,0.6666666666666666,1.5767739433889105,1.020135967956383,0.012121212121212078,16.3,0.024539877300613407,15.872499999999999,0.052134194361316784,1
2025-09-11,16.8,17.4,16.6,17.2,46411.0,0.04819277108433717,0.75,1.9021681216443296,1.4958069319375777,0.029940119760479042,16.599999999999998,0.0361445783132531,15.9525,0.0782009089484406,1
2025-09-12,17.5,18.9,17.45,17.95,201098.0,0.08309455587392546,0.34482758620689674,4.332981405270302,2.9746816718735207,0.0436046511627907,16.979999999999997,0.057126030624263996,16.07,0.1169881767268201,1
2025-09-15,18.1,18.25,17.6,17.85,53832.0,0.0369318181818181,0.38461538461538547,0.26769037981481664,0.7888304700276073,-0.005571030640668405,17.24,0.03538283062645029,16.167499999999997,0.1040668006803776,0
2025-09-16,17.85,18.9,17.6,18.55,75309.0,0.0738636363636362,0.7307692307692318,1.3989634418189925,0.9389002341359783,0.03921568627450976,17.65,0.05099150141643072,16.3,0.1380368098159509,0
2025-09-17,18.6,20.4,18.6,20.4,163282.0,0.09677419354838694,1.0,2.1681605120237952,1.5120607780238995,0.09973045822102414,18.389999999999997,0.10929853181076682,16.547500000000003,0.23281462456564406,1
2025-09-18,21.25,22.4,20.95,22.4,324723.0,0.06921241050119328,1.0,1.9887250278659008,1.9842675290011293,0.09803921568627452,19.43,0.1528564076170869,16.8725,0.32760408949473996,1
2025-09-19,22.8,23.15,22.0,22.1,313504.0,0.05227272727272721,0.08695652173913178,0.9654505532407621,1.6843281577392146,-0.013392857142857017,20.259999999999998,0.09081934846989159,17.192500000000003,0.28544423440453676,0
2025-09-22,22.05,22.6,21.15,21.35,136926.0,0.06855791962174955,0.1379310344827603,0.4367599775441462,0.6753480168563267,-0.033936651583710405,20.96,0.01860687022900766,17.47,0.22209502003434475,1
2025-09-23,21.65,23.45,21.65,23.45,258808.0,0.08314087759815246,1.0,1.890130435417671,1.0808499193563879,0.0983606557377048,21.939999999999998,0.06882406563354611,17.8525,0.3135415207954068,1
2025-09-24,23.7,24.7,22.9,23.85,361618.0,0.07860262008733628,0.5277777777777791,1.3972442892028067,1.295584126731629,0.017057569296375356,22.63,0.05391073795846233,18.2525,0.30667031913436515,0
2025-09-25,23.0,24.0,22.95,23.1,121889.0,0.045751633986928136,0.1428571428571448,0.3370656327948277,0.5109600124083522,-0.031446540880503145,22.77,0.014492753623188488,18.605,0.24160171996775065,0
2025-09-26,22.75,23.5,22.2,23.1,120818.0,0.05855855855855859,0.6923076923076936,0.9912133170343509,0.6040543607927132,0.0,22.97,0.0056595559425338515,18.965,0.21803321908779338,1
2025-09-30,25.35,25.4,24.95,25.4,151968.0,0.01803607214428855,1.0,1.2578258206558626,0.748536352540289,0.09956709956709944,23.78,0.06812447434819165,19.4475,0.3060804730685176,0
2025-10-01,25.4,27.9,25.2,27.9,403847.0,0.10714285714285712,1.0,2.6574476205516953,1.7405097660627167,0.0984251968503937,24.669999999999998,0.1309282529387921,20.072499999999998,0.38996138996139,1
2025-10-02,30.1,30.1,27.4,27.7,438752.0,0.09854014598540158,0.11111111111111126,1.0864312474773863,1.7730591607032882,-0.007168458781361982,25.44,0.0888364779874213,20.69,0.33881101981633627,0
2025-10-03,27.5,28.4,26.85,27.2,252970.0,0.05772811918063304,0.22580645161290228,0.576567172343374,0.9243580795919187,-0.018050541516245487,26.259999999999998,0.035795887281035846,21.264999999999997,0.27909710792381864,1
2025-10-07,27.8,29.9,27.65,29.9,365102.0,0.081374321880651,1.0,1.4432620468830295,1.1320016445094037,0.09926470588235292,27.619999999999997,0.08254887762490953,21.957500000000003,0.36172150745758824,0
2025-10-08,29.1,31.35,28.55,31.0,383548.0,0.09807355516637481,0.8749999999999996,1.0505228675822098,1.0398656558684192,0.03678929765886293,28.74,0.0786360473208073,22.68,0.3668430335097002,1
2025-10-09,31.5,32.0,30.2,30.3,328919.0,0.05960264900662254,0.05555555555555632,0.8575693263946104,0.929522051488421,-0.0225806451612903,29.22,0.03696098562628343,23.37,0.29653401797175866,0
2025-10-13,27.55,29.3,27.45,29.25,205148.0,0.06739526411657565,0.9729729729729726,0.6237037082077959,0.6679355884369665,-0.03465346534653468,29.53,-0.00948188283101934,23.997500000000002,0.21887696635066142,1
2025-10-14,30.6,31.0,27.3,27.3,293398.0,0.1355311355311355,0.0,1.430177237896543,0.9307633009012667,-0.06666666666666664,29.55,-0.07614213197969542,24.502499999999998,0.11417202326293249,1
2025-10-15,28.35,28.45,27.4,27.8,138414.0,0.03832116788321171,0.3809523809523827,0.4717619070341311,0.512862125924559,0.018315018315018316,29.129999999999995,-0.04565739787160985,24.994999999999997,0.11222244448889793,1
2025-10-16,28.5,30.25,28.45,28.8,292038.0,0.06326889279437613,0.19444444444444517,2.109887728119988,1.1607999573898755,0.03597122302158273,28.689999999999998,0.003834088532589857,25.5425,0.12753254379954979,0
2025-10-17,28.5,30.75,28.3,29.5,250232.0,0.08657243816254415,0.4897959183673468,0.8568473965716791,1.0609974305266996,0.02430555555555553,28.529999999999994,0.03399929898352633,26.089999999999996,0.13070141816788058,1
2025-10-20,30.5,31.3,29.45,30.3,245998.0,0.06281833616298817,0.4594594594594599,0.9830797020365101,1.0081224182020851,0.027118644067796634,28.74,0.05427974947807941,26.584999999999997,0.13974045514387826,0
2025-10-21,30.45,30.75,29.45,30.7,181942.0,0.044142614601018704,0.961538461538461,0.7396076390864966,0.8205757768188313,0.013201320132013155,29.419999999999998,0.043507817811012955,27.0,0.137037037037037,0
2025-10-22,28.5,29.2,28.0,28.0,276611.0,0.04285714285714283,0.0,1.5203251585670159,1.1092650829589812,-0.08794788273615634,29.46,-0.04955872369314327,27.294999999999998,0.02582890639311236,0
2025-10-23,27.4,28.9,27.35,28.65,186458.0,0.05667276051188289,0.8387096774193545,0.6740802064993799,0.8169089613850186,0.023214285714285663,29.429999999999996,-0.026503567787971378,27.659999999999997,0.03579175704989162,1
2025-10-27,30.5,31.5,30.5,31.5,346510.0,0.03278688524590164,1.0,1.858380975876605,1.4000189088005923,0.09947643979057597,29.829999999999995,0.055983908816627743,28.0625,0.12249443207126949,1
2025-10-28,32.15,33.6,31.5,31.95,587816.0,0.06666666666666671,0.2142857142857138,1.6963897145825517,1.8609581109034992,0.014285714285714263,30.159999999999997,0.05935013262599479,28.4675,0.12233248441204876,0
2025-10-29,32.0,33.4,30.55,32.25,387522.0,0.09328968903436981,0.5964912280701756,0.65925731861671,1.0855462747007283,0.00938967136150237,30.47,0.05841811617984907,28.925,0.11495246326706998,1
2025-10-30,32.9,34.1,32.4,33.05,406256.0,0.05246913580246922,0.3823529411764691,1.0483430618132648,1.0609632908205635,0.02480620155038751,31.479999999999997,0.049872935196950456,29.422499999999996,0.12328999915031019,0
2025-10-31,32.95,33.0,31.5,31.5,196772.0,0.047619047619047616,0.0,0.4843546926076169,0.511129028571191,-0.04689863842662624,32.05,-0.017160686427457012,29.7275,0.0596249264149357,1
2025-11-03,31.85,32.45,30.1,30.1,235147.0,0.07807308970099672,0.0,1.1950226658264387,0.6483190360366868,-0.0444444444444444,31.77,-0.052565313188542594,29.8375,0.008797653958944378,1
2025-11-04,30.3,30.65,29.0,29.05,176885.0,0.056896551724137885,0.03030303030303076,0.7522315827971439,0.6305691931024353,-0.03488372093023258,31.189999999999998,-0.06861173453029808,29.904999999999994,-0.028590536699548353,0
2025-11-05,28.0,30.15,27.9,29.95,176470.0,0.08064516129032258,0.9111111111111114,0.9976538428922747,0.7405184930299699,0.03098106712564539,30.729999999999997,-0.025382362512202983,30.0425,-0.003078971457102476,1
2025-11-06,30.65,31.5,30.15,31.25,209450.0,0.04477611940298512,0.814814814814815,1.1868872896242988,1.0528045970540574,0.04340567612687816,30.369999999999997,0.02897596312150157,30.110000000000003,0.037861175689139714,0
2025-11-07,30.8,31.35,30.2,30.55,120793.0,0.038079470198675566,0.3043478260869572,0.5767152064931965,0.6573804483289705,-0.02239999999999998,30.179999999999996,0.012259774685222154,30.0875,0.015371832156211122,1
2025-11-10,30.95,32.1,30.0,31.55,233190.0,0.07000000000000005,0.7380952380952379,1.9304926609985678,1.271777117501538,0.03273322422258593,30.47,0.03544469970462757,30.15,0.0464344941956883,1
2025-11-11,31.85,34.4,31.5,33.2,527904.0,0.09206349206349201,0.5862068965517254,2.263836356619066,2.081957269521307,0.05229793977813002,31.3,0.06070287539936109,30.347499999999997,0.09399456297882879,1
2025-11-12,33.45,36.5,32.75,36.5,497792.0,0.11450381679389313,1.0,0.9429593259380493,1.5662416329951816,0.09939759036144569,32.61,0.11928856179086172,30.807499999999997,0.18477643430982726,1
2025-11-13,36.9,37.75,34.8,35.65,616132.0,0.08477011494252883,0.2881355932203392,1.2377298148624325,1.5435629926881853,-0.023287671232876752,33.489999999999995,0.06449686473574213,31.2,0.14262820512820512,0
2025-11-14,33.8,35.3,33.0,34.15,247627.0,0.0696969696969696,0.5,0.40190576045392873,0.5832981963540771,-0.04207573632538569,34.209999999999994,-0.0017538731365096516,31.4675,0.08524668308572328,1
2025-11-17,35.85,36.65,34.2,35.0,264950.0,0.07163742690058467,0.3265306122448974,1.0699560225661984,0.6149029546440896,0.024890190336749676,34.9,0.0028653295128940235,31.7425,0.10262266677167836,0
2025-11-18,34.8,37.0,34.55,35.9,466819.0,0.07091172214182354,0.5510204081632653,1.7619135685978486,1.1150206370741216,0.025714285714285672,35.44,0.01297968397291199,32.0225,0.1210867358888281,0
2025-11-19,35.5,38.45,34.95,35.35,518120.0,0.10014306151645207,0.11428571428571388,1.109894841469606,1.2256534673701582,-0.015320334261838361,35.209999999999994,0.0039761431411533005,32.255,0.09595411564098585,1
2025-11-20,36.85,37.55,33.45,35.4,496825.0,0.12257100149476813,0.4756097560975606,0.95889948274531,1.2455868880998786,0.001414427157001334,35.16,0.006825938566552958,32.625,0.08505747126436777,0
2025-11-21,33.5,34.25,32.0,33.0,271298.0,0.0703125,0.4444444444444444,0.5460635032456096,0.6721912456417504,-0.06779661016949148,34.92999999999999,-0.05525336387059814,32.8425,0.00479561543731442,1
2025-11-24,33.7,34.3,32.0,32.1,216573.0,0.07187499999999991,0.04347826086956589,0.7982845431960427,0.5497795276789862,-0.02727272727272723,34.349999999999994,-0.06550218340611334,32.8725,-0.023499885922883892,1
2025-11-25,33.6,34.2,33.0,33.3,174072.0,0.03636363636363645,0.24999999999999703,0.8037567009738056,0.5190328751830773,0.03738317757009332,33.83,-0.01566656813479164,32.94,0.010928961748633862,1
2025-11-26,33.75,33.75,31.0,31.65,229552.0,0.08870967741935484,0.23636363636363586,1.3187186911163198,0.8267258268986977,-0.04954954954954951,33.08999999999999,-0.04351767905711668,32.91,-0.038286235186873234,1
2025-11-27,32.25,33.3,32.25,33.15,136284.0,0.03255813953488363,0.8571428571428581,0.5936955461072001,0.6630024548078917,0.047393364928909956,32.64,0.01562499999999994,32.915,0.007139602005164801,0
2025-11-28,33.3,34.9,32.8,34.1,207771.0,0.06402439024390248,0.6190476190476206,1.5245443338909923,1.0773687791158328,0.028657616892911096,32.86,0.037735849056603835,33.045,0.0319261612952035,1
2025-12-01,34.5,35.0,33.1,34.0,164351.0,0.057401812688821705,0.4736842105263154,0.7910199209706841,0.9010175103889126,-0.0029325513196481355,33.239999999999995,0.022864019253911107,33.239999999999995,0.022864019253911107,1
2025-12-02,34.4,34.5,32.75,32.8,213810.0,0.05343511450381679,0.028571428571426947,1.300935193579595,1.1232254078725068,-0.035294117647058906,33.14,-0.010259505129752667,33.4275,-0.018771969187046735,1
2025-12-03,33.0,33.35,32.05,32.1,122682.0,0.04056162246489873,0.038461538461541614,0.5737898133857163,0.7260166315933995,-0.02134146341463402,33.23,-0.03400541679205524,33.535000000000004,-0.04279111376174153,0
2025-12-04,32.2,32.5,31.45,32.3,101394.0,0.033386327503974585,0.809523809523807,0.8264782119626352,0.6258827073312856,0.0062305295950154434,33.06,-0.02298850574712659,33.5875,-0.038332713062895464,0
2025-12-05,32.15,33.1,31.7,32.9,109156.0,0.044164037854889655,0.8571428571428553,1.0765528532260291,0.7671990025204071,0.0185758513931889,32.81999999999999,0.002437538086532767,33.705,-0.023883696780893034,1
2025-12-08,33.35,34.75,33.25,34.15,250646.0,0.045112781954887216,0.5999999999999991,2.2962182564403237,1.5710779151748553,0.037993920972644375,32.849999999999994,0.03957382039573834,33.834999999999994,0.009309886212501992,1
2025-12-09,34.65,35.5,34.3,35.3,260440.0,0.034985422740524866,0.8333333333333314,1.0390750301221643,1.542309887980595,0.033674963396778876,33.35,0.058470764617691025,33.940000000000005,0.0400707130229815,1
2025-12-10,35.8,36.5,34.2,34.7,259174.0,0.067251461988304,0.21739130434782636,0.995138995545999,1.3212242942058094,-0.016997167138810037,33.86999999999999,0.024505462060821163,33.85,0.0251107828655835,1
2025-12-11,35.2,35.5,33.8,33.8,148716.0,0.05029585798816577,0.0,0.5738075578568838,0.7232339816288181,-0.025936599423631284,34.169999999999995,-0.010828211881767559,33.7575,0.0012589794860400467,1
2025-12-12,34.0,35.8,34.0,35.1,222131.0,0.05294117647058815,0.6111111111111128,1.4936590548427875,0.9733136331649881,0.03846153846153859,34.61,0.014157757873447039,33.80499999999999,0.03830794261203991,0
2025-12-15,34.3,35.25,33.1,34.95,127087.0,0.06495468277945615,0.860465116279071,0.5721263578699056,0.6244766831638409,-0.004273504273504233,34.769999999999996,0.0051768766177741395,33.802499999999995,0.033947193254937,0
2025-12-16,34.7,34.7,33.2,33.8,123486.0,0.04518072289156626,0.3999999999999962,0.971665079827205,0.7011517225872537,-0.03290414878397727,34.47,-0.019437191760951603,33.6975,0.0030417686772015477,1
2025-12-17,34.1,35.0,33.3,34.8,155934.0,0.05105105105105114,0.8823529411764691,1.2627666294154802,1.0029793375990863,0.02958579881656805,34.489999999999995,0.008988112496375829,33.67,0.033561033561033425,0
2025-12-18,34.75,35.9,34.7,35.5,221131.0,0.03458213256484137,0.6666666666666666,1.418106378339554,1.3011241878675264,0.020114942528735715,34.83,0.019236290554120062,33.675,0.054194506310319315,1
2025-12-19,36.65,37.35,35.2,36.8,335543.0,0.06107954545454541,0.7441860465116258,1.5173946665098967,1.7418481053924444,0.03661971830985907,35.17,0.046346317884560576,33.864999999999995,0.08666765096707524,1
2025-12-22,38.8,40.45,38.75,40.45,475298.0,0.04387096774193556,1.0,1.4165039950170322,1.8121888802127815,0.09918478260869582,36.269999999999996,0.11524676040805093,34.2825,0.17990228250565168,1
2025-12-23,41.95,42.2,38.8,39.0,537713.0,0.08762886597938159,0.05882352941176544,1.1313176154749232,1.5580293216521144,-0.03584672435105075,37.309999999999995,0.045296167247386894,34.5675,0.12822738121067467,1
2025-12-24,39.35,40.4,38.5,40.4,260913.0,0.04935064935064931,1.0,0.4852272494806709,0.7126441741988138,0.03589743589743586,38.42999999999999,0.05126203486859241,35.005,0.154120839880017,1
2025-12-26,41.55,42.2,40.0,40.05,313535.0,0.05500000000000007,0.022727272727271406,1.2016840862663034,0.8152227610787716,-0.008663366336633699,39.339999999999996,0.018047788510421985,35.35,0.13295615275813283,1
2025-12-29,40.45,40.65,39.2,39.65,154796.0,0.036989795918367235,0.31034482758620485,0.4937120257706476,0.44424036665126515,-0.009987515605493099,39.91,-0.006514657980455977,35.627500000000005,0.11290435758894093,0
2025-12-30,39.7,41.1,39.5,40.25,209568.0,0.040506329113924086,0.4687499999999996,1.3538334323884338,0.7096662772387871,0.015132408575031562,39.86999999999999,0.009530975670930768,35.940000000000005,0.11992209237618237,1
2025-12-31,40.8,41.3,39.55,39.55,193419.0,0.044247787610619475,0.0,0.9229414796152084,0.8541499040390167,-0.017391304347826157,39.98,-0.010755377688844416,36.277499999999996,0.09020742884708156,1
2026-01-02,39.85,42.2,39.3,42.1,351741.0,0.07379134860050905,0.9655172413793099,1.8185441967955578,1.4379559775938855,0.06447534766118848,40.32,0.04414682539682543,36.7775,0.14472163687036904,1
2026-01-05,43.6,44.7,42.6,43.45,387783.0,0.049295774647887355,0.40476190476190516,1.1024674405315276,1.4945691343683492,0.03206650831353922,41.0,0.05975609756097568,37.334999999999994,0.16378733092272693,0
2026-01-06,43.5,47.75,43.1,47.75,445452.0,0.1078886310904872,1.0,1.148714616164195,1.4025893550416477,0.098964326812428,42.61999999999999,0.12036602534021612,38.0775,0.25402140371610527,1
2026-01-07,50.0,50.5,48.0,49.2,533707.0,0.052083333333333336,0.48000000000000115,1.1981246015283353,1.3956028496387745,0.030366492146596917,44.41,0.10785859040756601,38.83,0.26706155034766943,0
2026-01-08,48.6,50.2,47.3,49.65,309334.0,0.061310782241014924,0.8103448275862059,0.5795951711332248,0.7626513978926212,0.009146341463414547,46.43,0.06935171225500751,39.5475,0.2554523041911625,0
2026-01-09,48.0,49.45,44.7,47.5,100432.0,0.10626398210290827,0.5894736842105257,0.32467171406958173,0.2826350756567765,-0.04330312185297077,47.510000000000005,-0.00021048200378878372,40.1875,0.18195956454121306,1
2026-01-12,49.0,50.0,48.0,49.8,70303.0,0.041666666666666664,0.8999999999999986,0.7000059741914928,0.24089107391031425,0.048421052631578886,48.779999999999994,0.020910209102091088,40.9875,0.2150045745654163,1
2026-01-13,51.0,51.0,48.0,50.7,73239.0,0.0625,0.9000000000000009,1.0417620869664168,0.33688127578736266,0.01807228915662662,49.37,0.02693943690500315,41.7675,0.21386245286406907,0
2026-01-14,50.7,51.3,50.1,50.6,45042.0,0.023952095808383148,0.41666666666666813,0.6150002048089133,0.376385058912008,-0.001972386587771231,49.64999999999999,0.019133937562940788,42.55,0.1891891891891893,1
2026-01-15,51.0,51.3,49.85,51.3,53679.0,0.02908726178535598,1.0,1.1917543625949114,0.7831891331942398,0.013833992094861575,49.98,0.026410564225690283,43.425,0.18134715025906736,1
2026-01-16,53.0,56.4,52.5,56.4,109481.0,0.07428571428571426,1.0,2.039549917099797,1.556259666120815,0.09941520467836261,51.760000000000005,0.08964451313755782,44.505,0.2672733400741489,1
2026-01-19,62.0,62.0,62.0,62.0,23730.0,0.0,1.0,0.21674993834546633,0.38879841138247084,0.099290780141844,54.2,0.14391143911439108,45.83,0.35282566004800353,0
2026-01-20,58.5,68.2,58.5,68.2,193125.0,0.16581196581196586,1.0,8.138432364096081,2.2717541412092968,0.10000000000000005,57.7,0.18197573656845753,47.4,0.43881856540084396,0
2026-01-21,67.0,68.5,61.6,62.6,179931.0,0.11201298701298698,0.1449275362318841,0.9316815533980582,1.6066817157368747,-0.08211143695014665,60.1,0.04159733777038269,48.5075,0.2905220842137814,1
2026-01-22,66.1,66.2,62.7,63.6,101244.0,0.05582137161084529,0.25714285714285673,0.562682361571936,0.8332688626214175,0.01597444089456869,62.56,0.016624040920716097,49.7375,0.2787132445338026,1
2026-01-23,64.8,64.8,58.2,58.5,332613.0,0.11340206185567,0.04545454545454506,3.285261348820671,2.00214171431048,-0.08018867924528304,62.980000000000004,-0.07113369323594798,50.6425,0.155156242286617,0
2026-01-26,58.5,63.7,58.5,60.6,314932.0,0.08888888888888893,0.4038461538461539,0.9468421258339271,1.4036341918892539,0.03589743589743592,62.7,-0.0334928229665072,51.67,0.1728275595122895,0
2026-01-27,60.6,62.1,57.7,59.5,264022.0,0.07625649913344884,0.40909090909090856,0.8383460556564591,1.1067858765768288,-0.018151815181518174,60.96,-0.023950131233595816,52.6625,0.1298362212200332,1
2026-01-28,61.7,65.4,61.7,65.4,359304.0,0.059967585089141046,1.0,1.3608865927839346,1.3093071644869416,0.09915966386554631,61.52,0.0630689206762029,53.92,0.21290801186943628,1
